DateSubmitted,SubmissionId,TeamId,UserName,TeamName,IsSelected,PublicScore,PrivateScore,UserEmail
"2023-12-29 14:02:00",35654256,11473407,wtl777,"Qinglin Yan",False,0.49385446301564717,0.49385446301564717,[private]
"2023-12-29 14:36:52",35654835,11473407,wtl777,"Qinglin Yan",False,0.7843199902204837,0.7843199902204837,[private]
"2023-12-29 14:43:53",35654948,11471765,liuran06,1500！！！,False,0.8007562455547652,0.8007562455547652,[private]
"2023-12-29 14:55:41",35655105,11473407,wtl777,"Qinglin Yan",False,0.7817389758179233,0.7817389758179233,[private]
"2023-12-29 15:31:24",35655685,11459225,paarthurnaxx,XAO,False,0.7805109797297296,0.7805109797297296,[private]
"2023-12-29 16:30:28",35656719,11452837,yindaguo,"Yinda Guo",False,0.8129889758179232,0.8129889758179232,[private]
"2023-12-30 01:21:48",35661812,11473407,wtl777,"Qinglin Yan",False,0.7802609352773827,0.7802609352773827,[private]
"2023-12-30 06:37:43",35664638,11471765,liuran06,1500！！！,False,0.7623521959459459,0.7623521959459459,[private]
"2023-12-30 08:01:19",35665485,11471765,liuran06,1500！！！,False,0.747387035472973,0.747387035472973,[private]
"2023-12-30 09:05:45",35666135,11452837,yindaguo,"Yinda Guo",False,0.5008445945945945,0.5008445945945945,[private]
"2023-12-30 10:14:19",35666893,11471765,liuran06,1500！！！,False,0.783028093883357,0.783028093883357,[private]
"2023-12-30 11:04:21",35667613,11452837,yindaguo,"Yinda Guo",False,0.7523420830369845,0.7523420830369845,[private]
"2023-12-30 12:35:47",35668723,11452837,yindaguo,"Yinda Guo",False,0.7887221617176386,0.7887221617176386,[private]
"2023-12-30 13:15:39",35669200,11452837,yindaguo,"Yinda Guo",False,0.7695201369132291,0.7695201369132291,[private]
"2023-12-30 14:07:17",35669961,11471765,liuran06,1500！！！,False,0.7249816634068279,0.7249816634068279,[private]
"2023-12-30 14:32:41",35670304,11452837,yindaguo,"Yinda Guo",False,0.7869315656116643,0.7869315656116643,[private]
"2023-12-30 15:22:54",35671048,11471765,liuran06,1500！！！,False,0.7818473284139402,0.7818473284139402,[private]
"2023-12-30 15:36:57",35671235,11452837,yindaguo,"Yinda Guo",False,0.8074074279871977,0.8074074279871977,[private]
"2023-12-30 16:03:13",35671544,11452837,yindaguo,"Yinda Guo",False,0.8196429365220483,0.8196429365220483,[private]
"2023-12-30 16:05:48",35671587,11471765,liuran06,1500！！！,False,0.7818473284139402,0.7818473284139402,[private]
"2023-12-31 06:21:33",35679022,11471765,liuran06,1500！！！,False,0.7982863620199147,0.7982863620199147,[private]
"2023-12-31 08:29:04",35680320,11471765,liuran06,1500！！！,False,0.7884679498577525,0.7884679498577525,[private]
"2023-12-31 10:03:57",35681365,11452837,yindaguo,"Yinda Guo",False,0.8308643758890469,0.8308643758890469,[private]
"2023-12-31 15:19:25",35684825,11457574,email6228,Zhao_Hao,False,0.7593655538762447,0.7593655538762447,[private]
"2023-12-31 16:06:29",35685410,11457574,email6228,Zhao_Hao,False,0.758401493598862,0.758401493598862,[private]
"2023-12-31 16:27:59",35685640,11457574,email6228,Zhao_Hao,False,0.7359697279516357,0.7359697279516357,[private]
"2023-12-31 17:11:04",35686067,11457574,email6228,Zhao_Hao,False,0.7369449013157894,0.7369449013157894,[private]
"2024-01-01 03:22:44",35690389,11471765,liuran06,1500！！！,False,0.7527227062588905,0.7527227062588905,[private]
"2024-01-01 05:15:21",35691122,11471765,liuran06,1500！！！,False,0.7338332370199147,0.7338332370199147,[private]
"2024-01-01 08:23:46",35692736,11473407,wtl777,"Qinglin Yan",False,0.8099412117709816,0.8099412117709816,[private]
"2024-01-01 09:16:31",35693188,11473407,wtl777,"Qinglin Yan",False,0.806335015113798,0.806335015113798,[private]
"2024-01-01 09:20:05",35693222,11473407,wtl777,"Qinglin Yan",False,0.8185149582147937,0.8185149582147937,[private]
"2024-01-01 11:07:32",35694368,11452837,yindaguo,"Yinda Guo",False,0.8390255489864864,0.8390255489864864,[private]
"2024-01-01 11:20:21",35694492,11458502,superamazing,MengXiaofeng-UCAS,False,0.7664695945945946,0.7664695945945946,[private]
"2024-01-01 11:28:28",35694552,11459225,del=e34c2ce8ec748d98,XAO,False,0.8108663762446657,0.8108663762446657,[private]
"2024-01-01 11:45:28",35694756,11459225,hzy424,XAO,False,0.7816584059388336,0.7816584059388336,[private]
"2024-01-01 12:17:49",35695133,11459225,hzy424,XAO,False,0.7519392336415363,0.7519392336415363,[private]
"2024-01-01 12:28:21",35695241,11473407,wtl777,"Qinglin Yan",False,0.7836420919274538,0.7836420919274538,[private]
"2024-01-01 12:51:00",35695502,11459391,simpletj,Tian_Jun,False,0.7744237864509247,0.7744237864509247,[private]
"2024-01-01 13:14:55",35695794,11459225,hzy424,XAO,False,0.7691061744310099,0.7691061744310099,[private]
"2024-01-01 13:30:24",35695963,11459391,simpletj,Tian_Jun,False,0.7760629667496444,0.7760629667496444,[private]
"2024-01-01 13:35:58",35696039,11459225,hzy424,XAO,False,0.7732069034495022,0.7732069034495022,[private]
"2024-01-01 13:39:06",35696085,11459519,lau01b,"Capoo Cat",False,0.5169307876955904,0.5169307876955904,[private]
"2024-01-01 13:48:38",35696204,11459225,hzy424,XAO,False,0.5289579258534851,0.5289579258534851,[private]
"2024-01-01 14:21:15",35696642,11459391,simpletj,Tian_Jun,False,0.7913740220483642,0.7913740220483642,[private]
"2024-01-01 14:44:31",35696953,11459391,simpletj,Tian_Jun,False,0.7852423764224752,0.7852423764224752,[private]
"2024-01-01 15:27:33",35697500,11471765,liuran06,1500！！！,False,0.8062572235064012,0.8062572235064012,[private]
"2024-01-01 15:28:32",35697515,11471765,liuran06,1500！！！,False,0.8062572235064012,0.8062572235064012,[private]
"2024-01-01 15:30:14",35697540,11459225,hzy424,XAO,False,0.7889735953058322,0.7889735953058322,[private]
"2024-01-01 15:37:01",35697635,11459519,lau01b,"Capoo Cat",False,0.7654694167852063,0.7654694167852063,[private]
"2024-01-01 15:45:25",35697739,11471765,liuran06,1500！！！,False,0.8062572235064012,0.8062572235064012,[private]
"2024-01-01 15:48:44",35697782,11459225,hzy424,XAO,False,0.7985489086948792,0.7985489086948792,[private]
"2024-01-01 16:00:02",35697928,11471765,liuran06,1500！！！,False,0.8062572235064012,0.8062572235064012,[private]
"2024-01-01 16:20:20",35698157,11471765,liuran06,1500！！！,False,0.8062572235064012,0.8062572235064012,[private]
"2024-01-01 16:23:25",35698204,11459225,hzy424,XAO,False,0.8183982708036984,0.8183982708036984,[private]
"2024-01-01 16:33:00",35698334,11457574,email6228,Zhao_Hao,False,0.7641914118065434,0.7641914118065434,[private]
"2024-01-01 16:40:31",35698427,11471765,liuran06,1500！！！,False,0.8046597172830725,0.8046597172830725,[private]
"2024-01-01 16:50:17",35698536,11452837,yindaguo,"Yinda Guo",False,0.8502067034139402,0.8502067034139402,[private]
"2024-01-01 17:03:25",35698661,11457574,email6228,Zhao_Hao,False,0.7903460615220483,0.7903460615220483,[private]
"2024-01-01 19:13:28",35700042,11457574,email6228,Zhao_Hao,False,0.7671669407894737,0.7671669407894737,[private]
"2024-01-01 20:07:51",35700545,11457574,email6228,Zhao_Hao,False,0.7363420163584637,0.7363420163584637,[private]
"2024-01-01 20:15:47",35700624,11457574,email6228,Zhao_Hao,False,0.7827391536273114,0.7827391536273114,[private]
"2024-01-01 20:25:12",35700705,11457574,email6228,Zhao_Hao,False,0.7977723817567568,0.7977723817567568,[private]
"2024-01-02 00:37:33",35702941,11473407,wtl777,"Qinglin Yan",False,0.8118998933143671,0.8118998933143671,[private]
"2024-01-02 01:20:28",35703295,11459519,lau01b,"Capoo Cat",False,0.7567178609530583,0.7567178609530583,[private]
"2024-01-02 02:15:44",35703795,11459519,lau01b,"Capoo Cat",False,0.8022065033783783,0.8022065033783783,[private]
"2024-01-02 02:54:46",35704164,11452837,yindaguo,"Yinda Guo",False,0.8499761068634424,0.8499761068634424,[private]
"2024-01-02 03:36:31",35704608,11473407,wtl777,"Qinglin Yan",False,0.7914657050142249,0.7914657050142249,[private]
"2024-01-02 04:51:58",35705289,11458502,superamazing,MengXiaofeng-UCAS,False,0.7664695945945945,0.7664695945945945,[private]
"2024-01-02 04:56:40",35705336,11458502,superamazing,MengXiaofeng-UCAS,False,0.7664695945945945,0.7664695945945945,[private]
"2024-01-02 05:36:16",35705734,11459519,lau01b,"Capoo Cat",False,0.8021592727596016,0.8021592727596016,[private]
"2024-01-02 05:59:51",35705978,11459225,hzy424,XAO,False,0.8122694034495022,0.8122694034495022,[private]
"2024-01-02 06:07:09",35706053,11471765,liuran06,1500！！！,False,0.8046597172830725,0.8046597172830725,[private]
"2024-01-02 07:13:09",35706800,11458502,superamazing,MengXiaofeng-UCAS,False,0.7664695945945946,0.7664695945945946,[private]
"2024-01-02 07:38:51",35707159,11459391,simpletj,Tian_Jun,False,0.7930270937055477,0.7930270937055477,[private]
"2024-01-02 07:42:39",35707206,11458502,superamazing,MengXiaofeng-UCAS,False,0.6976406916785206,0.6976406916785206,[private]
"2024-01-02 07:45:20",35707249,11459391,simpletj,Tian_Jun,False,0.7930270937055477,0.7930270937055477,[private]
"2024-01-02 07:58:34",35707433,11461981,shoupan,"Shoupan Liu",False,0.7829753067211949,0.7829753067211949,[private]
"2024-01-02 08:22:54",35707767,11459225,hzy424,XAO,False,0.795227484886202,0.795227484886202,[private]
"2024-01-02 08:30:05",35707864,11459391,simpletj,Tian_Jun,False,0.789323657539118,0.789323657539118,[private]
"2024-01-02 08:38:02",35707973,11461981,shoupan,"Shoupan Liu",False,0.7982446879445235,0.7982446879445235,[private]
"2024-01-02 08:41:55",35708025,11459391,simpletj,Tian_Jun,False,0.7850729018492175,0.7850729018492175,[private]
"2024-01-02 09:00:49",35708269,11459391,simpletj,Tian_Jun,False,0.801970350284495,0.801970350284495,[private]
"2024-01-02 09:01:29",35708280,11473407,wtl777,"Qinglin Yan",False,0.7876789206970127,0.7876789206970127,[private]
"2024-01-02 09:04:14",35708321,11461981,shoupan,"Shoupan Liu",False,0.8139308099217638,0.8139308099217638,[private]
"2024-01-02 09:10:09",35708420,11459391,simpletj,Tian_Jun,False,0.6436672075035562,0.6436672075035562,[private]
"2024-01-02 09:23:13",35708647,11457574,email6228,Zhao_Hao,False,0.7897820723684211,0.7897820723684211,[private]
"2024-01-02 09:34:47",35708813,11461981,shoupan,"Shoupan Liu",False,0.8139308099217638,0.8139308099217638,[private]
"2024-01-02 09:36:52",35708842,11473407,wtl777,"Qinglin Yan",False,0.7914657050142249,0.7914657050142249,[private]
"2024-01-02 09:39:12",35708878,11459391,simpletj,Tian_Jun,False,0.7898154116287339,0.7898154116287339,[private]
"2024-01-02 09:41:48",35708925,11473407,wtl777,"Qinglin Yan",False,0.7963749110953059,0.7963749110953059,[private]
"2024-01-02 09:43:14",35708944,11457574,email6228,Zhao_Hao,False,0.764402560455192,0.764402560455192,[private]
"2024-01-02 10:07:02",35709310,11471765,liuran06,1500！！！,False,0.8035372955192033,0.8035372955192033,[private]
"2024-01-02 10:08:28",35709334,11458502,superamazing,MengXiaofeng-UCAS,False,0.7774882201280227,0.7774882201280227,[private]
"2024-01-02 10:24:01",35709558,11458502,superamazing,MengXiaofeng-UCAS,False,0.7632829169630156,0.7632829169630156,[private]
"2024-01-02 10:27:53",35709619,11459391,simpletj,Tian_Jun,False,0.7988920252489331,0.7988920252489331,[private]
"2024-01-02 10:28:11",35709620,11459225,hzy424,XAO,False,0.7785828591749645,0.7785828591749645,[private]
"2024-01-02 10:38:28",35709734,11458502,superamazing,MengXiaofeng-UCAS,False,0.7572762935633002,0.7572762935633002,[private]
"2024-01-02 10:45:01",35709817,11459391,simpletj,Tian_Jun,False,0.7920491420697013,0.7920491420697013,[private]
"2024-01-02 11:02:29",35710030,11462675,jundazhou,"junda zhou",False,0.7624160961948792,0.7624160961948792,[private]
"2024-01-02 11:05:26",35710066,11459391,simpletj,Tian_Jun,False,0.7753322812944523,0.7753322812944523,[private]
"2024-01-02 11:52:11",35710701,11458822,jingzou23,jingzou23,False,0.7576791429587482,0.7576791429587482,[private]
"2024-01-02 12:13:58",35710983,11458822,jingzou23,jingzou23,False,0.7576791429587483,0.7576791429587483,[private]
"2024-01-02 12:19:41",35711072,11461981,shoupan,"Shoupan Liu",False,0.7913962482219061,0.7913962482219061,[private]
"2024-01-02 12:31:32",35711240,11459225,del=e34c2ce8ec748d98,XAO,False,0.7811972128378378,0.7811972128378378,[private]
"2024-01-02 13:12:17",35711813,11461981,shoupan,"Shoupan Liu",False,0.7913962482219061,0.7913962482219061,[private]
"2024-01-02 13:16:05",35711867,11459225,del=e34c2ce8ec748d98,XAO,False,0.7634662828947368,0.7634662828947368,[private]
"2024-01-02 13:54:32",35712413,11459225,del=e34c2ce8ec748d98,XAO,False,0.7796386024182077,0.7796386024182077,[private]
"2024-01-02 14:14:01",35712710,11458822,jingzou23,jingzou23,False,0.7576791429587482,0.7576791429587482,[private]
"2024-01-02 14:22:10",35712850,11458822,jingzou23,jingzou23,False,0.7576791429587482,0.7576791429587482,[private]
"2024-01-02 14:22:47",35712863,11471765,liuran06,1500！！！,False,0.8035372955192033,0.8035372955192033,[private]
"2024-01-02 14:42:53",35713173,11459519,lau01b,"Capoo Cat",False,0.7777021470483642,0.7777021470483642,[private]
"2024-01-02 15:14:09",35713647,11463698,megagtt,megagtt,False,0.7762352195945945,0.7762352195945945,[private]
"2024-01-02 15:14:57",35713658,11462675,jundazhou,"junda zhou",False,0.8084687277738265,0.8084687277738265,[private]
"2024-01-02 15:25:10",35713819,11463736,douking,douking,False,0.7894903538406827,0.7894903538406827,[private]
"2024-01-02 15:30:38",35713917,11463736,douking,douking,False,0.7894903538406828,0.7894903538406828,[private]
"2024-01-02 15:39:54",35714061,11463736,douking,douking,False,0.7894903538406828,0.7894903538406828,[private]
"2024-01-02 15:42:43",35714098,11463792,sophiainshao,sophiainshao,False,0.7670280272048364,0.7670280272048364,[private]
"2024-01-02 15:45:54",35714156,11463736,douking,douking,False,0.7872066145092462,0.7872066145092462,[private]
"2024-01-02 16:36:41",35714904,11459225,del=e34c2ce8ec748d98,XAO,False,0.49917763157894735,0.49917763157894735,[private]
"2024-01-02 18:25:57",35716355,11457574,email6228,Zhao_Hao,False,0.785114575924609,0.785114575924609,[private]
"2024-01-02 19:10:03",35716746,11457574,email6228,Zhao_Hao,False,0.8048319701280227,0.8048319701280227,[private]
"2024-01-02 20:00:57",35717258,11457574,email6228,Zhao_Hao,False,0.7807943634423897,0.7807943634423897,[private]
"2024-01-02 20:32:21",35717560,11457574,email6228,Zhao_Hao,False,0.8104718616642959,0.8104718616642959,[private]
"2024-01-03 02:26:08",35720990,11459391,simpletj,Tian_Jun,False,0.8037901182432432,0.8037901182432432,[private]
"2024-01-03 02:41:05",35721129,11459391,simpletj,Tian_Jun,False,0.8088854685277382,0.8088854685277382,[private]
"2024-01-03 02:53:33",35721278,11459391,simpletj,Tian_Jun,False,0.7889110841927454,0.7889110841927454,[private]
"2024-01-03 03:02:06",35721387,11461981,shoupan,"Shoupan Liu",False,0.8222517336415363,0.8222517336415363,[private]
"2024-01-03 03:18:59",35721572,11459391,simpletj,Tian_Jun,False,0.7832086815433856,0.7832086815433856,[private]
"2024-01-03 03:39:55",35721800,11465555,junfan0,JunFan,False,0.7915323835348507,0.7915323835348507,[private]
"2024-01-03 03:51:58",35721937,11459391,simpletj,Tian_Jun,False,0.7884457236842105,0.7884457236842105,[private]
"2024-01-03 04:30:46",35722281,11465555,junfan0,JunFan,False,0.8136696523826458,0.8136696523826458,[private]
"2024-01-03 04:44:39",35722420,11459391,simpletj,Tian_Jun,False,0.7551592505334284,0.7551592505334284,[private]
"2024-01-03 04:56:32",35722515,11459391,simpletj,Tian_Jun,False,0.8049431009957325,0.8049431009957325,[private]
"2024-01-03 05:05:36",35722610,11461981,shoupan,"Shoupan Liu",False,0.8222517336415363,0.8222517336415363,[private]
"2024-01-03 05:06:26",35722618,11459391,simpletj,Tian_Jun,False,0.7989781516714082,0.7989781516714082,[private]
"2024-01-03 05:09:17",35722647,11471765,liuran06,1500！！！,False,0.8035372955192033,0.8035372955192033,[private]
"2024-01-03 05:55:00",35723120,11461981,shoupan,"Shoupan Liu",False,0.8165368287695591,0.8165368287695591,[private]
"2024-01-03 06:15:45",35723368,11452837,yindaguo,"Yinda Guo",False,0.8568328814011381,0.8568328814011381,[private]
"2024-01-03 06:43:08",35723685,11459225,paarthurnaxx,XAO,False,0.77233452613798,0.77233452613798,[private]
"2024-01-03 07:07:58",35723983,11463792,sophiainshao,sophiainshao,False,0.7860925275604552,0.7860925275604552,[private]
"2024-01-03 07:40:37",35724365,11463698,megagtt,megagtt,False,0.7951135757467994,0.7951135757467994,[private]
"2024-01-03 07:44:43",35724415,11463792,sophiainshao,sophiainshao,False,0.7547730707681366,0.7547730707681366,[private]
"2024-01-03 08:33:28",35725038,11471765,liuran06,1500！！！,False,0.5,0.5,[private]
"2024-01-03 08:34:06",35725051,11463792,sophiainshao,sophiainshao,False,0.8035456303342816,0.8035456303342816,[private]
"2024-01-03 08:34:58",35725068,11471765,liuran06,1500！！！,False,0.8286556498933144,0.8286556498933144,[private]
"2024-01-03 09:00:08",35725458,11463698,megagtt,megagtt,False,0.7790107130156473,0.7790107130156473,[private]
"2024-01-03 09:15:34",35725650,11471765,liuran06,1500！！！,False,0.8286556498933144,0.8286556498933144,[private]
"2024-01-03 09:30:28",35725872,11463698,megagtt,megagtt,False,0.752061477596017,0.752061477596017,[private]
"2024-01-03 09:37:41",35725983,11462675,jundazhou,"junda zhou",False,0.782997532894737,0.782997532894737,[private]
"2024-01-03 09:48:56",35726165,11461981,shoupan,"Shoupan Liu",False,0.8165368287695591,0.8165368287695591,[private]
"2024-01-03 09:53:53",35726257,11465555,junfan0,JunFan,False,0.8107441322901849,0.8107441322901849,[private]
"2024-01-03 10:02:07",35726350,11458502,superamazing,MengXiaofeng-UCAS,False,0.734833414829303,0.734833414829303,[private]
"2024-01-03 10:16:50",35726529,11458502,superamazing,MengXiaofeng-UCAS,False,0.7696979463015647,0.7696979463015647,[private]
"2024-01-03 10:21:35",35726586,11465555,junfan0,JunFan,False,0.8141030627667141,0.8141030627667141,[private]
"2024-01-03 10:28:59",35726681,11458502,superamazing,MengXiaofeng-UCAS,False,0.6775746243776671,0.6775746243776671,[private]
"2024-01-03 10:44:05",35726894,11473407,wtl777,"Qinglin Yan",False,0.8118971150426743,0.8118971150426743,[private]
"2024-01-03 10:46:01",35726927,11463792,sophiainshao,sophiainshao,False,0.8012674475462304,0.8012674475462304,[private]
"2024-01-03 10:58:21",35727095,11458502,superamazing,MengXiaofeng-UCAS,False,0.7992893181009957,0.7992893181009957,[private]
"2024-01-03 11:36:02",35727593,11473407,wtl777,"Qinglin Yan",False,0.7437988975817924,0.7437988975817924,[private]
"2024-01-03 11:41:45",35727660,11473407,wtl777,"Qinglin Yan",False,0.671875,0.671875,[private]
"2024-01-03 11:45:41",35727711,11459391,simpletj,Tian_Jun,False,0.7960859708392604,0.7960859708392604,[private]
"2024-01-03 12:04:48",35728009,11473407,wtl777,"Qinglin Yan",False,0.8084465016002845,0.8084465016002845,[private]
"2024-01-03 12:11:23",35728120,11458502,superamazing,MengXiaofeng-UCAS,False,0.7992920963726884,0.7992920963726884,[private]
"2024-01-03 12:20:03",35728248,11463736,douking,douking,False,0.7894903538406828,0.7894903538406828,[private]
"2024-01-03 12:22:41",35728287,11471765,liuran06,1500！！！,False,0.84193856685633,0.84193856685633,[private]
"2024-01-03 12:22:47",35728289,11459391,simpletj,Tian_Jun,False,0.7537089927098151,0.7537089927098151,[private]
"2024-01-03 12:48:31",35728696,11458502,superamazing,MengXiaofeng-UCAS,False,0.7977640469416785,0.7977640469416785,[private]
"2024-01-03 12:54:45",35728793,11463736,douking,douking,False,0.7411539829302987,0.7411539829302987,[private]
"2024-01-03 13:35:20",35729456,11458502,superamazing,MengXiaofeng-UCAS,False,0.4657855841038407,0.4657855841038407,[private]
"2024-01-03 13:51:21",35729717,11458502,superamazing,MengXiaofeng-UCAS,False,0.7779494132290186,0.7779494132290186,[private]
"2024-01-03 14:13:05",35730047,11458502,superamazing,MengXiaofeng-UCAS,False,0.7779494132290184,0.7779494132290184,[private]
"2024-01-03 14:28:46",35730337,11461981,shoupan,"Shoupan Liu",False,0.8165368287695591,0.8165368287695591,[private]
"2024-01-03 14:30:49",35730363,11452837,yindaguo,"Yinda Guo",False,0.8519306209992887,0.8519306209992887,[private]
"2024-01-03 14:54:25",35730796,11459519,lau01b,"Capoo Cat",False,0.8091299564366999,0.8091299564366999,[private]
"2024-01-03 14:57:41",35730859,11458502,superamazing,MengXiaofeng-UCAS,False,0.6595394736842105,0.6595394736842105,[private]
"2024-01-03 15:01:41",35730933,11459225,del=e34c2ce8ec748d98,XAO,False,0.8003645092460883,0.8003645092460883,[private]
"2024-01-03 15:13:59",35731165,11459225,del=e34c2ce8ec748d98,XAO,False,0.8003645092460883,0.8003645092460883,[private]
"2024-01-03 15:22:59",35731330,11471765,liuran06,1500！！！,False,0.84193856685633,0.84193856685633,[private]
"2024-01-03 15:25:15",35731372,11463736,douking,douking,False,0.5000097239509246,0.5000097239509246,[private]
"2024-01-03 15:25:47",35731376,11459225,del=e34c2ce8ec748d98,XAO,False,0.8003645092460883,0.8003645092460883,[private]
"2024-01-03 15:27:52",35731430,11463736,douking,douking,False,0.8020175809032717,0.8020175809032717,[private]
"2024-01-03 15:42:12",35731733,11459225,del=e34c2ce8ec748d98,XAO,False,0.8003645092460883,0.8003645092460883,[private]
"2024-01-03 15:53:32",35731920,11459225,del=e34c2ce8ec748d98,XAO,False,0.8003645092460883,0.8003645092460883,[private]
"2024-01-03 15:54:59",35731955,11463736,douking,douking,False,0.7663529071834992,0.7663529071834992,[private]
"2024-01-03 15:56:31",35731985,11463736,douking,douking,False,0.7020442523115221,0.7020442523115221,[private]
"2024-01-03 15:57:58",35732003,11463736,douking,douking,False,0.505728796230441,0.505728796230441,[private]
"2024-01-03 15:59:34",35732022,11463736,douking,douking,False,0.7861147537339972,0.7861147537339972,[private]
"2024-01-03 16:31:23",35732497,11459225,del=e34c2ce8ec748d98,XAO,False,0.49917763157894735,0.49917763157894735,[private]
"2024-01-03 16:40:35",35732599,11459225,hzy424,XAO,False,0.7006995688122334,0.7006995688122334,[private]
"2024-01-03 17:49:23",35733389,11463736,douking,douking,False,0.8047569567923186,0.8047569567923186,[private]
"2024-01-03 18:39:25",35733931,11468526,zhiqingzhu,"Zhiqing Zhu",False,0.8173480841038407,0.8173480841038407,[private]
"2024-01-03 19:53:06",35734830,11452837,yindaguo,"Yinda Guo",False,0.8513819123399715,0.8513819123399715,[private]
"2024-01-04 00:28:15",35737699,11463792,sophiainshao,sophiainshao,False,0.7846061522048363,0.7846061522048363,[private]
"2024-01-04 01:08:29",35738105,11458502,superamazing,MengXiaofeng-UCAS,False,0.7798844794630158,0.7798844794630158,[private]
"2024-01-04 02:31:46",35738812,11463736,douking,douking,False,0.800181143314367,0.800181143314367,[private]
"2024-01-04 02:37:10",35738854,11463736,douking,douking,False,0.5057287962304411,0.5057287962304411,[private]
"2024-01-04 03:04:16",35739141,11459391,simpletj,Tian_Jun,False,0.7953163895803699,0.7953163895803699,[private]
"2024-01-04 03:04:51",35739146,11459391,simpletj,Tian_Jun,False,0.7856813433499288,0.7856813433499288,[private]
"2024-01-04 03:05:30",35739152,11459391,simpletj,Tian_Jun,False,0.6824768847795163,0.6824768847795163,[private]
"2024-01-04 03:06:43",35739165,11459391,simpletj,Tian_Jun,False,0.7337915629445235,0.7337915629445235,[private]
"2024-01-04 03:53:07",35739581,11459391,simpletj,Tian_Jun,False,0.7922213949146515,0.7922213949146515,[private]
"2024-01-04 03:53:37",35739586,11459391,simpletj,Tian_Jun,False,0.7922213949146515,0.7922213949146515,[private]
"2024-01-04 04:08:35",35739704,11459391,simpletj,Tian_Jun,False,0.7530394292318634,0.7530394292318634,[private]
"2024-01-04 04:26:25",35739851,11459519,lau01b,"Capoo Cat",False,0.7687922297297297,0.7687922297297297,[private]
"2024-01-04 04:30:00",35739876,11459391,simpletj,Tian_Jun,False,0.8192067478662874,0.8192067478662874,[private]
"2024-01-04 05:07:56",35740220,11459225,hzy424,XAO,False,0.7912101040184922,0.7912101040184922,[private]
"2024-01-04 05:27:06",35740391,11459225,hzy424,XAO,False,0.7751600284495022,0.7751600284495022,[private]
"2024-01-04 06:10:02",35740905,11459225,hzy424,XAO,False,0.7991142869843528,0.7991142869843528,[private]
"2024-01-04 06:28:28",35741156,11469936,shihaihao,"Haihao SHI",False,0.6444076169096729,0.6444076169096729,[private]
"2024-01-04 06:29:03",35741165,11469936,shihaihao,"Haihao SHI",False,0.8003645092460883,0.8003645092460883,[private]
"2024-01-04 06:43:13",35741394,11468526,zhiqingzhu,"Zhiqing Zhu",False,0.801500822368421,0.801500822368421,[private]
"2024-01-04 06:47:48",35741482,11459225,hzy424,XAO,False,0.8026538051209103,0.8026538051209103,[private]
"2024-01-04 06:59:32",35741672,11452837,yindaguo,"Yinda Guo",False,0.8519306209992887,0.8519306209992887,[private]
"2024-01-04 07:05:43",35741757,11459225,hzy424,XAO,False,0.8186066411806544,0.8186066411806544,[private]
"2024-01-04 07:12:29",35741829,11463792,sophiainshao,sophiainshao,False,0.7846061522048363,0.7846061522048363,[private]
"2024-01-04 07:14:05",35741847,11463792,sophiainshao,sophiainshao,False,0.7270792585348507,0.7270792585348507,[private]
"2024-01-04 07:20:26",35741911,11471765,liuran06,1500！！！,False,0.8133140336059743,0.8133140336059743,[private]
"2024-01-04 07:23:09",35741942,11459225,hzy424,XAO,False,0.8251772537339972,0.8251772537339972,[private]
"2024-01-04 07:27:18",35741989,11461981,shoupan,"Shoupan Liu",False,0.8165368287695591,0.8165368287695591,[private]
"2024-01-04 07:48:18",35742281,11459225,hzy424,XAO,False,0.8204930876600285,0.8204930876600285,[private]
"2024-01-04 08:15:10",35742654,11458822,jingzou23,jingzou23,False,0.7576791429587482,0.7576791429587482,[private]
"2024-01-04 08:32:40",35742869,11458822,jingzou23,jingzou23,False,0.7576791429587482,0.7576791429587482,[private]
"2024-01-04 08:37:23",35742931,11452837,yindaguo,"Yinda Guo",False,0.8583248133001422,0.8583248133001422,[private]
"2024-01-04 08:47:50",35743073,11458822,jingzou23,jingzou23,False,0.7576791429587482,0.7576791429587482,[private]
"2024-01-04 08:58:04",35743198,11469936,shihaihao,"Haihao SHI",False,0.7610714126955903,0.7610714126955903,[private]
"2024-01-04 09:04:49",35743290,11458822,jingzou23,jingzou23,False,0.7576791429587482,0.7576791429587482,[private]
"2024-01-04 09:12:25",35743431,11461981,shoupan,"Shoupan Liu",False,0.7840171586059743,0.7840171586059743,[private]
"2024-01-04 09:23:05",35743583,11461981,shoupan,"Shoupan Liu",False,0.7050392291963015,0.7050392291963015,[private]
"2024-01-04 10:00:14",35744096,11469936,shihaihao,"Haihao SHI",False,0.8123305254267426,0.8123305254267426,[private]
"2024-01-04 10:07:28",35744183,11459225,hzy424,XAO,False,0.8224184299431009,0.8224184299431009,[private]
"2024-01-04 10:34:51",35744512,11463792,sophiainshao,sophiainshao,False,0.8071740531650071,0.8071740531650071,[private]
"2024-01-04 10:35:40",35744525,11459391,simpletj,Tian_Jun,False,0.8040679454125178,0.8040679454125178,[private]
"2024-01-04 10:41:25",35744599,11458822,jingzou23,jingzou23,False,0.771532994754623,0.771532994754623,[private]
"2024-01-04 10:46:35",35744680,11461981,shoupan,"Shoupan Liu",False,0.8244021159317212,0.8244021159317212,[private]
"2024-01-04 10:58:50",35744853,11458822,jingzou23,jingzou23,False,0.7715316056187767,0.7715316056187767,[private]
"2024-01-04 11:07:10",35744951,11459225,hzy424,XAO,False,0.828441722972973,0.828441722972973,[private]
"2024-01-04 11:08:52",35744972,11459391,simpletj,Tian_Jun,False,0.808824346550498,0.808824346550498,[private]
"2024-01-04 11:13:27",35745044,11458822,jingzou23,jingzou23,False,0.7715316056187767,0.7715316056187767,[private]
"2024-01-04 11:15:04",35745068,11469936,shihaihao,"Haihao SHI",False,0.8239520359174964,0.8239520359174964,[private]
"2024-01-04 11:18:47",35745116,11468526,zhiqingzhu,"Zhiqing Zhu",False,0.8292140825035561,0.8292140825035561,[private]
"2024-01-04 11:29:56",35745268,11458822,jingzou23,jingzou23,False,0.7715316056187768,0.7715316056187768,[private]
"2024-01-04 11:43:59",35745420,11471038,sparkle79,Sparkle79,False,0.7884985108463727,0.7884985108463727,[private]
"2024-01-04 11:52:09",35745538,11471765,liuran06,1500！！！,False,0.6636249222083925,0.6636249222083925,[private]
"2024-01-04 12:00:29",35745634,11469936,shihaihao,"Haihao SHI",False,0.833570412517781,0.833570412517781,[private]
"2024-01-04 12:11:25",35745781,11458822,jingzou23,jingzou23,False,0.769270092460882,0.769270092460882,[private]
"2024-01-04 12:24:54",35745991,11458822,jingzou23,jingzou23,False,0.769270092460882,0.769270092460882,[private]
"2024-01-04 13:10:11",35746603,11471038,sparkle79,Sparkle79,False,0.6717166385135136,0.6717166385135136,[private]
"2024-01-04 13:24:56",35746835,11459225,hzy424,XAO,False,0.8384490576102419,0.8384490576102419,[private]
"2024-01-04 13:55:12",35747261,11468526,zhiqingzhu,"Zhiqing Zhu",False,0.7958387046586058,0.7958387046586058,[private]
"2024-01-04 13:55:24",35747265,11463792,sophiainshao,sophiainshao,False,0.8383934921763868,0.8383934921763868,[private]
"2024-01-04 13:59:00",35747324,11469936,shihaihao,"Haihao SHI",False,0.8095133579302987,0.8095133579302987,[private]
"2024-01-04 14:00:25",35747350,11463736,douking,douking,False,0.8047569567923186,0.8047569567923186,[private]
"2024-01-04 14:01:49",35747376,11463736,douking,douking,False,0.800181143314367,0.800181143314367,[private]
"2024-01-04 14:03:59",35747408,11471523,yangxingye,yangxingye,False,0.8000394514580369,0.8000394514580369,[private]
"2024-01-04 14:13:34",35747538,11452837,yindaguo,"Yinda Guo",False,0.854085170697013,0.854085170697013,[private]
"2024-01-04 14:27:04",35747751,11458502,superamazing,MengXiaofeng-UCAS,False,0.7992226395803698,0.7992226395803698,[private]
"2024-01-04 14:28:47",35747778,11461981,shoupan,"Shoupan Liu",False,0.8054098506401137,0.8054098506401137,[private]
"2024-01-04 14:40:02",35747987,11469936,shihaihao,"Haihao SHI",False,0.8408717105263158,0.8408717105263158,[private]
"2024-01-04 14:47:17",35748095,11471668,phi267,Phi267,False,0.7444128956258891,0.7444128956258891,[private]
"2024-01-04 14:47:17",35748096,11459519,lau01b,"Capoo Cat",False,0.772206725640114,0.772206725640114,[private]
"2024-01-04 14:58:44",35748278,11458502,superamazing,MengXiaofeng-UCAS,False,0.7997532894736843,0.7997532894736843,[private]
"2024-01-04 15:01:59",35748332,11471038,sparkle79,Sparkle79,False,0.8013883023648649,0.8013883023648649,[private]
"2024-01-04 15:03:45",35748368,11469936,shihaihao,"Haihao SHI",False,0.8303309477240398,0.8303309477240398,[private]
"2024-01-04 15:07:36",35748432,11463736,douking,douking,False,0.4479268536628734,0.4479268536628734,[private]
"2024-01-04 15:09:01",35748452,11463736,douking,douking,False,0.768953369487909,0.768953369487909,[private]
"2024-01-04 15:09:14",35748453,11471765,qinginging,1500！！！,False,0.7391258445945946,0.7391258445945946,[private]
"2024-01-04 15:10:17",35748472,11463736,douking,douking,False,0.7751711415362731,0.7751711415362731,[private]
"2024-01-04 15:14:12",35748535,11471782,suhongqwq,HIAS,False,0.5557265736130867,0.5557265736130867,[private]
"2024-01-04 15:15:13",35748546,11463792,sophiainshao,sophiainshao,False,0.8383934921763868,0.8383934921763868,[private]
"2024-01-04 15:22:19",35748678,11458502,superamazing,MengXiaofeng-UCAS,False,0.7997532894736843,0.7997532894736843,[private]
"2024-01-04 15:23:11",35748693,11471668,phi267,Phi267,False,0.8099217638691323,0.8099217638691323,[private]
"2024-01-04 15:42:24",35748987,11469936,shihaihao,"Haihao SHI",False,0.8027843838904694,0.8027843838904694,[private]
"2024-01-04 15:44:05",35749016,11458502,superamazing,MengXiaofeng-UCAS,False,0.7994810188477951,0.7994810188477951,[private]
"2024-01-04 16:04:26",35749330,11471960,yuanhaozhang1,"Yuanhao Zhang",False,0.7824002044807966,0.7824002044807966,[private]
"2024-01-04 16:04:41",35749332,11458502,superamazing,MengXiaofeng-UCAS,False,0.8007117932076814,0.8007117932076814,[private]
"2024-01-04 16:05:58",35749355,11471969,ucaslijiahao,"UCAS Li Jiahao",False,0.8095133579302987,0.8095133579302987,[private]
"2024-01-04 16:06:14",35749362,11471969,ucaslijiahao,"UCAS Li Jiahao",False,0.8000561210881934,0.8000561210881934,[private]
"2024-01-04 16:06:34",35749364,11471969,ucaslijiahao,"UCAS Li Jiahao",False,0.8103468394381222,0.8103468394381222,[private]
"2024-01-04 16:06:48",35749368,11471969,ucaslijiahao,"UCAS Li Jiahao",False,0.7946218216571834,0.7946218216571834,[private]
"2024-01-04 16:31:25",35749692,11458502,superamazing,MengXiaofeng-UCAS,False,0.8007117932076814,0.8007117932076814,[private]
"2024-01-04 16:32:06",35749701,11463792,sophiainshao,sophiainshao,False,0.8465032672475108,0.8465032672475108,[private]
"2024-01-04 16:47:41",35749966,11463736,douking,douking,False,0.48777004800853485,0.48777004800853485,[private]
"2024-01-04 16:55:48",35750087,11458502,superamazing,MengXiaofeng-UCAS,False,0.8039318100995733,0.8039318100995733,[private]
"2024-01-04 17:37:21",35750712,11457574,email6228,Zhao_Hao,False,0.8181121088193457,0.8181121088193457,[private]
"2024-01-04 18:20:27",35751191,11457574,email6228,Zhao_Hao,False,0.8072351751422475,0.8072351751422475,[private]
"2024-01-04 18:57:14",35751562,11457574,email6228,Zhao_Hao,False,0.7747655138691323,0.7747655138691323,[private]
"2024-01-04 19:07:58",35751675,11463792,sophiainshao,sophiainshao,False,0.852076480263158,0.852076480263158,[private]
"2024-01-04 19:27:16",35751874,11457574,email6228,Zhao_Hao,False,0.7751794763513513,0.7751794763513513,[private]
"2024-01-05 00:52:32",35755177,11458822,jingzou23,jingzou23,False,0.7798817011913228,0.7798817011913228,[private]
"2024-01-05 01:08:47",35755325,11458822,jingzou23,jingzou23,False,0.7165273826458036,0.7165273826458036,[private]
"2024-01-05 01:31:06",35755537,11473407,wtl777,"Qinglin Yan",False,0.8152921630512091,0.8152921630512091,[private]
"2024-01-05 01:34:17",35755560,11473407,wtl777,"Qinglin Yan",False,0.8175675675675675,0.8175675675675675,[private]
"2024-01-05 01:39:59",35755618,11473407,wtl777,"Qinglin Yan",False,0.8376878111664297,0.8376878111664297,[private]
"2024-01-05 01:44:48",35755656,11473407,wtl777,"Qinglin Yan",False,0.787273293029872,0.787273293029872,[private]
"2024-01-05 02:01:15",35755793,11473407,wtl777,"Qinglin Yan",False,0.8330064233641536,0.8330064233641536,[private]
"2024-01-05 02:08:05",35755850,11473407,wtl777,"Qinglin Yan",False,0.8276332459103841,0.8276332459103841,[private]
"2024-01-05 02:09:20",35755861,11458822,jingzou23,jingzou23,False,0.7626786428698435,0.7626786428698435,[private]
"2024-01-05 02:27:36",35756018,11458822,jingzou23,jingzou23,True,0.7911823213015647,0.7911823213015647,[private]
"2024-01-05 02:30:31",35756051,11473407,wtl777,"Qinglin Yan",False,0.8238964704836416,0.8238964704836416,[private]
"2024-01-05 02:48:22",35756236,11473407,wtl777,"Qinglin Yan",False,0.8026649182076813,0.8026649182076813,[private]
"2024-01-05 02:50:55",35756265,11458502,superamazing,MengXiaofeng-UCAS,False,0.8054209637268848,0.8054209637268848,[private]
"2024-01-05 02:51:49",35756275,11458822,jingzou23,jingzou23,False,0.7677170385846372,0.7677170385846372,[private]
"2024-01-05 02:57:54",35756352,11473407,qinglinyan,"Qinglin Yan",False,0.8159811744310099,0.8159811744310099,[private]
"2024-01-05 02:58:33",35756362,11473407,qinglinyan,"Qinglin Yan",False,0.8362681143314367,0.8362681143314367,[private]
"2024-01-05 03:01:36",35756406,11473407,qinglinyan,"Qinglin Yan",False,0.835315167140825,0.835315167140825,[private]
"2024-01-05 03:11:44",35756528,11458822,jingzou23,jingzou23,False,0.7620493643314367,0.7620493643314367,[private]
"2024-01-05 03:18:20",35756604,11473407,qinglinyan,"Qinglin Yan",False,0.8314033605974396,0.8314033605974396,[private]
"2024-01-05 03:25:07",35756681,11471765,liuran06,1500！！！,False,0.8226240220483643,0.8226240220483643,[private]
"2024-01-05 03:27:08",35756705,11473407,qinglinyan,"Qinglin Yan",False,0.8050959059388335,0.8050959059388335,[private]
"2024-01-05 03:31:28",35756766,11471765,qinginging,1500！！！,False,0.7201488597972974,0.7201488597972974,[private]
"2024-01-05 03:34:01",35756798,11458502,superamazing,MengXiaofeng-UCAS,False,0.8038429054054054,0.8038429054054054,[private]
"2024-01-05 03:36:14",35756820,11459225,hzy424,XAO,False,0.8082436877667141,0.8082436877667141,[private]
"2024-01-05 03:36:23",35756822,11458822,jingzou23,jingzou23,False,0.7191556276671408,0.7191556276671408,[private]
"2024-01-05 03:44:52",35756909,11471765,liuran06,1500！！！,False,0.8356041073968706,0.8356041073968706,[private]
"2024-01-05 03:59:21",35757053,11459225,hzy424,XAO,False,0.8369098950924609,0.8369098950924609,[private]
"2024-01-05 04:01:13",35757073,11459225,hzy424,XAO,False,0.8359416674075392,0.8359416674075392,[private]
"2024-01-05 04:11:19",35757185,11458822,jingzou23,jingzou23,False,0.7469661273115221,0.7469661273115221,[private]
"2024-01-05 04:21:44",35757293,11471765,qinginging,1500！！！,False,0.7201488597972974,0.7201488597972974,[private]
"2024-01-05 04:22:51",35757302,11459519,lau01b,"Capoo Cat",False,0.8010951947012802,0.8010951947012802,[private]
"2024-01-05 04:24:08",35757311,11458502,superamazing,MengXiaofeng-UCAS,False,0.7943912251066856,0.7943912251066856,[private]
"2024-01-05 04:24:32",35757314,11459225,paarthurnaxx,XAO,False,0.7970694790184922,0.7970694790184922,[private]
"2024-01-05 04:52:50",35757594,11471765,qinginging,1500！！！,False,0.7972556232219061,0.7972556232219061,[private]
"2024-01-05 04:57:20",35757645,11458502,superamazing,MengXiaofeng-UCAS,False,0.7924908872688479,0.7924908872688479,[private]
"2024-01-05 05:12:19",35757778,11471782,fengjietang,HIAS,False,0.8008868243243243,0.8008868243243243,[private]
"2024-01-05 05:42:09",35758084,11471765,leowangtl,1500！！！,False,0.8169230085348507,0.8169230085348507,[private]
"2024-01-05 05:43:46",35758097,11471765,leowangtl,1500！！！,False,0.8169230085348507,0.8169230085348507,[private]
"2024-01-05 06:04:58",35758341,11473407,qinglinyan,"Qinglin Yan",False,0.8375516758534851,0.8375516758534851,[private]
"2024-01-05 06:06:45",35758370,11471038,sparkle79,Sparkle79,False,0.7976167985419631,0.7976167985419631,[private]
"2024-01-05 06:08:50",35758403,11471960,yuanhaozhang1,"Yuanhao Zhang",False,0.505870488086771,0.505870488086771,[private]
"2024-01-05 06:10:02",35758420,11473407,qinglinyan,"Qinglin Yan",False,0.8448696434921764,0.8448696434921764,[private]
"2024-01-05 06:22:27",35758589,11473407,wtl777,"Qinglin Yan",False,0.8392047475106685,0.8392047475106685,[private]
"2024-01-05 06:28:55",35758676,11473407,qinglinyan,"Qinglin Yan",False,0.8362681143314367,0.8362681143314367,[private]
"2024-01-05 06:30:32",35758694,11459225,hzy424,XAO,False,0.7959970661450925,0.7959970661450925,[private]
"2024-01-05 06:33:16",35758729,11471765,leowangtl,1500！！！,False,0.7715482752489331,0.7715482752489331,[private]
"2024-01-05 06:41:19",35758834,11473407,wtl777,"Qinglin Yan",False,0.8447362864509246,0.8447362864509246,[private]
"2024-01-05 06:47:53",35758924,11471765,leowangtl,1500！！！,False,0.7920797030583214,0.7920797030583214,[private]
"2024-01-05 07:00:26",35759076,11459391,simpletj,Tian_Jun,False,0.7671141536273114,0.7671141536273114,[private]
"2024-01-05 07:03:36",35759118,11471765,liuran06,1500！！！,False,0.8402882734708392,0.8402882734708392,[private]
"2024-01-05 07:09:58",35759213,11471782,suhongqwq,HIAS,False,0.7797358419274538,0.7797358419274538,[private]
"2024-01-05 07:19:01",35759341,11459225,hzy424,XAO,False,0.785767469772404,0.785767469772404,[private]
"2024-01-05 07:28:24",35759454,11471782,suhongqwq,HIAS,False,0.7966193990042674,0.7966193990042674,[private]
"2024-01-05 07:29:56",35759471,11469936,shihaihao,"Haihao SHI",False,0.830711570945946,0.830711570945946,[private]
"2024-01-05 07:32:39",35759505,11457574,email6228,Zhao_Hao,False,0.8099662162162162,0.8099662162162162,[private]
"2024-01-05 07:32:39",35759506,11471765,leowangtl,1500！！！,False,0.8188872466216217,0.8188872466216217,[private]
"2024-01-05 07:36:14",35759555,11459391,simpletj,Tian_Jun,False,0.7830558766002845,0.7830558766002845,[private]
"2024-01-05 07:37:17",35759572,11469936,shihaihao,"Haihao SHI",False,0.7991170652560455,0.7991170652560455,[private]
"2024-01-05 08:16:25",35760206,11459225,hzy424,XAO,False,0.7930354285206259,0.7930354285206259,[private]
"2024-01-05 08:19:13",35760250,11471765,qinginging,1500！！！,False,0.7912906738975818,0.7912906738975818,[private]
"2024-01-05 08:26:07",35760341,11471765,qinginging,1500！！！,False,0.8453113886913228,0.8453113886913228,[private]
"2024-01-05 08:32:28",35760428,11474431,murphywtl,Murphywtl,False,0.5175142247510669,0.5175142247510669,[private]
"2024-01-05 08:38:46",35760523,11469936,shihaihao,"Haihao SHI",False,0.7996477151493598,0.7996477151493598,[private]
"2024-01-05 09:06:43",35760918,11474546,hodbfsl,SCU_CTP,True,0.807054587482219,0.807054587482219,[private]
"2024-01-05 09:10:07",35760953,11457574,email6228,Zhao_Hao,False,0.8029149626600285,0.8029149626600285,[private]
"2024-01-05 09:30:42",35761204,11459225,hzy424,XAO,False,0.8104843638869133,0.8104843638869133,[private]
"2024-01-05 09:35:32",35761267,11469936,shihaihao,"Haihao SHI",False,0.8154685833036983,0.8154685833036983,[private]
"2024-01-05 09:45:54",35761420,11471782,jingruizhang23,HIAS,False,0.7879873088549076,0.7879873088549076,[private]
"2024-01-05 09:53:01",35761530,11471960,yuanhaozhang1,"Yuanhao Zhang",False,0.7824002044807966,0.7824002044807966,[private]
"2024-01-05 09:56:50",35761593,11471782,jingruizhang23,HIAS,False,0.7879873088549075,0.7879873088549075,[private]
"2024-01-05 10:01:30",35761671,11461981,shoupan,"Shoupan Liu",False,0.7747488442389758,0.7747488442389758,[private]
"2024-01-05 10:02:08",35761683,11471782,jingruizhang23,HIAS,False,0.7927034250533428,0.7927034250533428,[private]
"2024-01-05 10:08:01",35761778,11474546,hodbfsl,SCU_CTP,False,0.8033344816856329,0.8033344816856329,[private]
"2024-01-05 10:09:18",35761800,11471782,jingruizhang23,HIAS,False,0.7927034250533428,0.7927034250533428,[private]
"2024-01-05 10:09:59",35761809,11457574,email6228,Zhao_Hao,False,0.8101579169630156,0.8101579169630156,[private]
"2024-01-05 10:11:28",35761835,11471523,yangxingye,yangxingye,False,0.768767225284495,0.768767225284495,[private]
"2024-01-05 10:12:43",35761853,11471782,jingruizhang23,HIAS,False,0.5125133357041252,0.5125133357041252,[private]
"2024-01-05 10:18:01",35761936,11474546,hongfeigao1999,SCU_CTP,False,0.8033344816856329,0.8033344816856329,[private]
"2024-01-05 10:18:10",35761938,11474546,lizhiweiscu,SCU_CTP,False,0.8033344816856329,0.8033344816856329,[private]
"2024-01-05 10:18:54",35761951,11461981,shoupan,"Shoupan Liu",False,0.8067684254978663,0.8067684254978663,[private]
"2024-01-05 10:49:11",35762380,11457574,email6228,Zhao_Hao,False,0.815206036628734,0.815206036628734,[private]
"2024-01-05 11:24:31",35762919,11474546,hodbfsl,SCU_CTP,False,0.5,0.5,[private]
"2024-01-05 11:39:45",35763129,11474546,hodbfsl,SCU_CTP,False,0.7098345261379801,0.7098345261379801,[private]
"2024-01-05 11:39:46",35763130,11457574,email6228,Zhao_Hao,False,0.7637135490753914,0.7637135490753914,[private]
"2024-01-05 11:51:15",35763275,11474546,hodbfsl,SCU_CTP,False,0.7098345261379801,0.7098345261379801,[private]
"2024-01-05 11:52:30",35763293,11474546,hodbfsl,SCU_CTP,False,0.7702077591571835,0.7702077591571835,[private]
"2024-01-05 12:00:17",35763377,11463736,douking,douking,False,0.8169424564366999,0.8169424564366999,[private]
"2024-01-05 12:01:22",35763392,11471038,sparkle79,Sparkle79,False,0.7342694256756757,0.7342694256756757,[private]
"2024-01-05 12:05:14",35763446,11459225,hzy424,XAO,False,0.8133862686699858,0.8133862686699858,[private]
"2024-01-05 12:32:36",35763886,11468526,zhiqingzhu,"Zhiqing Zhu",False,0.8331953458392604,0.8331953458392604,[private]
"2024-01-05 12:35:29",35763923,11471038,sparkle79,Sparkle79,False,0.7552676031294452,0.7552676031294452,[private]
"2024-01-05 12:39:04",35763983,11458822,jingzou23,jingzou23,False,0.7653777338193457,0.7653777338193457,[private]
"2024-01-05 12:39:36",35763992,11475249,tastonlyjust,tastonlyjust,False,0.6963474062055476,0.6963474062055476,[private]
"2024-01-05 12:47:33",35764141,11471523,yangxingye,yangxingye,False,0.752672697368421,0.752672697368421,[private]
"2024-01-05 12:50:54",35764204,11458822,jingzou23,jingzou23,False,0.7888055098684211,0.7888055098684211,[private]
"2024-01-05 13:00:58",35764380,11471523,yangxingye,yangxingye,False,0.7974139847083925,0.7974139847083925,[private]
"2024-01-05 13:04:00",35764437,11475249,tastonlyjust,tastonlyjust,False,0.7288712437766713,0.7288712437766713,[private]
"2024-01-05 13:13:21",35764580,11471960,yuanhaozhang1,"Yuanhao Zhang",False,0.7736819879089616,0.7736819879089616,[private]
"2024-01-05 13:17:22",35764674,11463736,douking,douking,False,0.5278341149537696,0.5278341149537696,[private]
"2024-01-05 13:19:00",35764702,11463736,douking,douking,False,0.8135001778093883,0.8135001778093883,[private]
"2024-01-05 13:20:41",35764740,11463736,douking,douking,False,0.6173097439544807,0.6173097439544807,[private]
"2024-01-05 13:31:45",35764952,11471523,yangxingye,yangxingye,False,0.795380289829303,0.795380289829303,[private]
"2024-01-05 13:40:04",35765074,11469936,shihaihao,"Haihao SHI",False,0.6004150737908962,0.6004150737908962,[private]
"2024-01-05 13:41:59",35765110,11463736,douking,douking,False,0.7992254178520626,0.7992254178520626,[private]
"2024-01-05 13:53:11",35765301,11471523,yangxingye,yangxingye,False,0.794567645359175,0.794567645359175,[private]
"2024-01-05 13:57:42",35765374,11475249,tastonlyjust,tastonlyjust,False,0.760704680832148,0.760704680832148,[private]
"2024-01-05 14:05:37",35765546,11463736,douking,douking,False,0.800770136913229,0.800770136913229,[private]
"2024-01-05 14:10:57",35765652,11475572,zenghuizou,"Zenghui Zou",False,0.7996588282361309,0.7996588282361309,[private]
"2024-01-05 14:22:57",35765841,11459519,lau01b,"Capoo Cat",False,0.8012091038406828,0.8012091038406828,[private]
"2024-01-05 14:40:49",35766132,11475249,tastonlyjust,tastonlyjust,False,0.7288962482219061,0.7288962482219061,[private]
"2024-01-05 15:00:47",35766505,11475776,hanpeijia,HanPeijia,False,0.8046152649359887,0.8046152649359887,[private]
"2024-01-05 15:01:54",35766522,11457574,email6228,Zhao_Hao,False,0.7861230885490755,0.7861230885490755,[private]
"2024-01-05 15:03:56",35766565,11475572,qingchengorange,"Zenghui Zou",False,0.7829891980796586,0.7829891980796586,[private]
"2024-01-05 15:05:38",35766599,11475572,qingchengorange,"Zenghui Zou",False,0.7829891980796586,0.7829891980796586,[private]
"2024-01-05 15:06:56",35766620,11475793,knnbenn,knnbenn,False,0.7723623088549075,0.7723623088549075,[private]
"2024-01-05 15:07:30",35766627,11461981,shoupan,"Shoupan Liu",False,0.4041746310455192,0.4041746310455192,[private]
"2024-01-05 15:24:10",35766941,11475793,knnbenn,knnbenn,False,0.8004089615931722,0.8004089615931722,[private]
"2024-01-05 15:24:32",35766946,11471782,suhongqwq,HIAS,False,0.821262668918919,0.821262668918919,[private]
"2024-01-05 15:27:10",35767004,11459519,lau01b,"Capoo Cat",False,0.8091299564366999,0.8091299564366999,[private]
"2024-01-05 15:28:14",35767023,11459519,lau01b,"Capoo Cat",False,0.8143086548719772,0.8143086548719772,[private]
"2024-01-05 15:32:10",35767094,11475572,qingchengorange,"Zenghui Zou",False,0.7829891980796586,0.7829891980796586,[private]
"2024-01-05 15:33:32",35767116,11459519,lau01b,"Capoo Cat",False,0.8145642558677099,0.8145642558677099,[private]
"2024-01-05 15:34:07",35767132,11469936,shihaihao,"Haihao SHI",False,0.5722559010490754,0.5722559010490754,[private]
"2024-01-05 15:35:37",35767173,11459519,lau01b,"Capoo Cat",False,0.8139252533783784,0.8139252533783784,[private]
"2024-01-05 15:36:50",35767196,11459519,lau01b,"Capoo Cat",False,0.8149087615576103,0.8149087615576103,[private]
"2024-01-05 15:37:12",35767203,11475249,tastonlyjust,tastonlyjust,True,0.785167363086771,0.785167363086771,[private]
"2024-01-05 15:46:29",35767359,11457574,email6228,Zhao_Hao,False,0.814680943278805,0.814680943278805,[private]
"2024-01-05 15:49:34",35767415,11463736,douking,douking,False,0.8169424564366998,0.8169424564366998,[private]
"2024-01-05 15:51:48",35767469,11475776,hanpeijia,HanPeijia,False,0.8026676964793741,0.8026676964793741,[private]
"2024-01-05 15:53:55",35767508,11461981,shoupan,"Shoupan Liu",False,0.7861675408961593,0.7861675408961593,[private]
"2024-01-05 15:54:16",35767520,11469936,shihaihao,"Haihao SHI",False,0.8041540718349929,0.8041540718349929,[private]
"2024-01-05 15:54:24",35767524,11461981,shoupan,"Shoupan Liu",False,0.8176856441145093,0.8176856441145093,[private]
"2024-01-05 15:54:55",35767538,11469936,shihaihao,"Haihao SHI",False,0.8074227084815079,0.8074227084815079,[private]
"2024-01-05 15:57:33",35767594,11463736,douking,douking,False,0.8135446301564723,0.8135446301564723,[private]
"2024-01-05 15:59:16",35767636,11461981,shoupan,"Shoupan Liu",False,0.7933882690256044,0.7933882690256044,[private]
"2024-01-05 15:59:58",35767648,11463736,douking,douking,False,0.8114192523115221,0.8114192523115221,[private]
"2024-01-05 16:00:50",35767666,11458502,superamazing,MengXiaofeng-UCAS,False,0.8032650248933143,0.8032650248933143,[private]
"2024-01-05 16:02:55",35767694,11475249,tastonlyjust,tastonlyjust,False,0.5,0.5,[private]
"2024-01-05 16:03:56",35767710,11475776,hanpeijia,HanPeijia,False,0.8032205725462304,0.8032205725462304,[private]
"2024-01-05 16:03:59",35767711,11459225,paarthurnaxx,XAO,False,0.8246160428520626,0.8246160428520626,[private]
"2024-01-05 16:04:48",35767721,11468526,zhiqingzhu,"Zhiqing Zhu",False,0.8331953458392604,0.8331953458392604,[private]
"2024-01-05 16:04:54",35767723,11457574,email6228,Zhao_Hao,False,0.8104135179587482,0.8104135179587482,[private]
"2024-01-05 16:05:33",35767730,11468526,zhiqingzhu,"Zhiqing Zhu",False,0.7230090905049786,0.7230090905049786,[private]
"2024-01-05 16:18:37",35767945,11463736,douking,douking,False,0.5363995265825036,0.5363995265825036,[private]
"2024-01-05 16:19:41",35767964,11458502,superamazing,MengXiaofeng-UCAS,False,0.8261038073435278,0.8261038073435278,[private]
"2024-01-05 16:41:02",35768325,11475793,knnbenn,knnbenn,False,0.8004089615931722,0.8004089615931722,[private]
"2024-01-05 16:43:56",35768367,11471782,fengjietang,HIAS,False,0.8008868243243243,0.8008868243243243,[private]
"2024-01-05 16:44:00",35768370,11458502,superamazing,MengXiaofeng-UCAS,False,0.7721942234174964,0.7721942234174964,[private]
"2024-01-05 16:45:45",35768403,11471782,fengjietang,HIAS,False,0.821262668918919,0.821262668918919,[private]
"2024-01-05 16:52:22",35768542,11458502,superamazing,MengXiaofeng-UCAS,False,0.7589849306543386,0.7589849306543386,[private]
"2024-01-05 17:02:32",35768717,11475572,qingchengorange,"Zenghui Zou",False,0.7424542140825036,0.7424542140825036,[private]
"2024-01-05 17:05:13",35768764,11471969,ucaslijiahao,"UCAS Li Jiahao",False,0.8328411161984353,0.8328411161984353,[private]
"2024-01-05 17:05:31",35768767,11471969,ucaslijiahao,"UCAS Li Jiahao",False,0.831151927009246,0.831151927009246,[private]
"2024-01-05 17:26:06",35769116,11471969,ucaslijiahao,"UCAS Li Jiahao",False,0.8373308032539118,0.8373308032539118,[private]
"2024-01-05 17:31:02",35769206,11471969,ucaslijiahao,"UCAS Li Jiahao",False,0.8300947946301566,0.8300947946301566,[private]
"2024-01-05 17:35:57",35769280,11475572,qingchengorange,"Zenghui Zou",False,0.7949941100640114,0.7949941100640114,[private]
"2024-01-05 17:49:48",35769527,11468526,zhiqingzhu,"Zhiqing Zhu",False,0.7911712082147937,0.7911712082147937,[private]
"2024-01-05 17:58:42",35769649,11452837,yindaguo,"Yinda Guo",False,0.8578024982219062,0.8578024982219062,[private]
"2024-01-05 18:05:16",35769750,11475572,qingchengorange,"Zenghui Zou",False,0.7572429543029872,0.7572429543029872,[private]
"2024-01-05 18:13:07",35769866,11463792,sophiainshao,sophiainshao,True,0.8614503689544808,0.8614503689544808,[private]
"2024-01-05 18:34:56",35770161,11475572,qingchengorange,"Zenghui Zou",False,0.8047375088904696,0.8047375088904696,[private]
"2024-01-05 19:24:07",35770882,11458502,superamazing,MengXiaofeng-UCAS,False,0.813002867176387,0.813002867176387,[private]
"2024-01-05 22:55:17",35773060,11475776,hanpeijia,HanPeijia,False,0.750361175320057,0.750361175320057,[private]
"2024-01-05 22:59:53",35773097,11458502,superamazing,MengXiaofeng-UCAS,False,0.813002867176387,0.813002867176387,[private]
"2024-01-05 23:12:45",35773193,11475776,hanpeijia,HanPeijia,False,0.750361175320057,0.750361175320057,[private]
"2024-01-06 00:37:28",35773985,11475793,knnbenn,knnbenn,False,0.8004089615931722,0.8004089615931722,[private]
"2024-01-06 00:38:29",35773998,11475793,knnbenn,knnbenn,False,0.8004089615931722,0.8004089615931722,[private]
"2024-01-06 00:45:38",35774066,11474546,hodbfsl,SCU_CTP,False,0.6332236842105263,0.6332236842105263,[private]
"2024-01-06 01:22:36",35774371,11474546,hodbfsl,SCU_CTP,False,0.7913962482219061,0.7913962482219061,[private]
"2024-01-06 01:24:38",35774397,11475776,hanpeijia,HanPeijia,False,0.7998171897226174,0.7998171897226174,[private]
"2024-01-06 01:39:06",35774511,11474546,hodbfsl,SCU_CTP,False,0.7707147937411094,0.7707147937411094,[private]
"2024-01-06 01:50:51",35774611,11475776,hanpeijia,HanPeijia,False,0.7751211326458037,0.7751211326458037,[private]
"2024-01-06 01:52:56",35774626,11475249,tastonlyjust,tastonlyjust,False,0.7798942034139403,0.7798942034139403,[private]
"2024-01-06 01:55:31",35774643,11469936,shihaihao,"Haihao SHI",False,0.8550381178876243,0.8550381178876243,[private]
"2024-01-06 01:59:02",35774665,11475776,hanpeijia,HanPeijia,False,0.7858452613798009,0.7858452613798009,[private]
"2024-01-06 02:00:12",35774674,11475249,tastonlyjust,tastonlyjust,False,0.810382956970128,0.810382956970128,[private]
"2024-01-06 02:02:19",35774682,11469936,shihaihao,"Haihao SHI",False,0.8575330058677099,0.8575330058677099,[private]
"2024-01-06 02:07:14",35774720,11469936,shihaihao,"Haihao SHI",False,0.8595472528449501,0.8595472528449501,[private]
"2024-01-06 02:10:57",35774744,11475249,tastonlyjust,tastonlyjust,False,0.6488486842105263,0.6488486842105263,[private]
"2024-01-06 02:18:20",35774820,11469936,shihaihao,"Haihao SHI",False,0.8558160339615932,0.8558160339615932,[private]
"2024-01-06 02:18:26",35774821,11474546,hodbfsl,SCU_CTP,False,0.7940244932432431,0.7940244932432431,[private]
"2024-01-06 02:20:35",35774843,11471765,liuran06,1500！！！,False,0.8447279516358464,0.8447279516358464,[private]
"2024-01-06 02:20:52",35774847,11474546,hodbfsl,SCU_CTP,False,0.7940244932432431,0.7940244932432431,[private]
"2024-01-06 02:25:11",35774891,11469936,shihaihao,"Haihao SHI",False,0.8487314411450926,0.8487314411450926,[private]
"2024-01-06 02:25:32",35774898,11458822,jingzou23,jingzou23,False,0.7311119198968706,0.7311119198968706,[private]
"2024-01-06 02:28:09",35774927,11473407,wtl777,"Qinglin Yan",False,0.8225587326635847,0.8225587326635847,[private]
"2024-01-06 02:34:50",35774981,11477220,pakapro,"Team +1",False,0.5080681009957326,0.5080681009957326,[private]
"2024-01-06 02:35:36",35774987,11473407,wtl777,"Qinglin Yan",False,0.8290737797830725,0.8290737797830725,[private]
"2024-01-06 02:37:29",35775006,11473407,wtl777,"Qinglin Yan",False,0.8394853529516357,0.8394853529516357,[private]
"2024-01-06 02:51:45",35775137,11474546,hodbfsl,SCU_CTP,False,0.7983947146159317,0.7983947146159317,[private]
"2024-01-06 02:53:57",35775154,11469936,shihaihao,"Haihao SHI",False,0.8326452480440967,0.8326452480440967,[private]
"2024-01-06 03:00:12",35775227,11474546,hodbfsl,SCU_CTP,False,0.7823335259601706,0.7823335259601706,[private]
"2024-01-06 03:06:04",35775287,11463698,megagtt,megagtt,False,0.7925978507290186,0.7925978507290186,[private]
"2024-01-06 03:10:41",35775334,11474546,hodbfsl,SCU_CTP,False,0.7894320101351351,0.7894320101351351,[private]
"2024-01-06 03:17:22",35775416,11461981,shoupan,"Shoupan Liu",False,0.8034956214438123,0.8034956214438123,[private]
"2024-01-06 03:18:09",35775429,11473407,wtl777,"Qinglin Yan",False,0.8412828947368421,0.8412828947368421,[private]
"2024-01-06 03:19:36",35775437,11475249,tastonlyjust,tastonlyjust,False,0.7960943056543386,0.7960943056543386,[private]
"2024-01-06 03:26:15",35775511,11469936,shihaihao,"Haihao SHI",False,0.7753017203058322,0.7753017203058322,[private]
"2024-01-06 03:33:22",35775581,11452837,yindaguo,"Yinda Guo",False,0.4812855618776671,0.4812855618776671,[private]
"2024-01-06 03:42:04",35775658,11471960,yuanhaozhang1,"Yuanhao Zhang",False,0.7674864420341393,0.7674864420341393,[private]
"2024-01-06 03:42:38",35775665,11458502,superamazing,MengXiaofeng-UCAS,False,0.8130014780405407,0.8130014780405407,[private]
"2024-01-06 03:58:05",35775777,11452837,yindaguo,"Yinda Guo",False,0.6970128022759602,0.6970128022759602,[private]
"2024-01-06 04:00:33",35775788,11471782,suhongqwq,HIAS,False,0.732552453769559,0.732552453769559,[private]
"2024-01-06 04:02:35",35775803,11477376,b4rryg,B4rRY_G,False,0.7852937744487909,0.7852937744487909,[private]
"2024-01-06 04:02:47",35775810,11475793,knnbenn,knnbenn,False,0.8004089615931722,0.8004089615931722,[private]
"2024-01-06 04:05:11",35775846,11461981,shoupan,"Shoupan Liu",False,0.8252633801564722,0.8252633801564722,[private]
"2024-01-06 04:05:56",35775854,11458502,superamazing,MengXiaofeng-UCAS,False,0.8108497066145093,0.8108497066145093,[private]
"2024-01-06 04:11:23",35775899,11475249,tastonlyjust,tastonlyjust,False,0.7749044274537695,0.7749044274537695,[private]
"2024-01-06 04:23:02",35776013,11459519,lau01b,"Capoo Cat",False,0.8106857885846372,0.8106857885846372,[private]
"2024-01-06 04:24:26",35776025,11474546,hodbfsl,SCU_CTP,False,0.767730929943101,0.767730929943101,[private]
"2024-01-06 04:33:30",35776111,11475249,tastonlyjust,tastonlyjust,False,0.7656277782716928,0.7656277782716928,[private]
"2024-01-06 04:33:33",35776112,11471038,sparkle79,Sparkle79,False,0.8259579480796586,0.8259579480796586,[private]
"2024-01-06 04:33:57",35776120,11459519,lau01b,"Capoo Cat",False,0.8166007290184922,0.8166007290184922,[private]
"2024-01-06 04:36:44",35776139,11459519,lau01b,"Capoo Cat",False,0.8167063033428166,0.8167063033428166,[private]
"2024-01-06 04:38:56",35776165,11459519,lau01b,"Capoo Cat",False,0.817323079658606,0.817323079658606,[private]
"2024-01-06 04:43:47",35776211,11459225,hzy424,XAO,False,0.7758240353840683,0.7758240353840683,[private]
"2024-01-06 04:44:12",35776217,11459225,hzy424,XAO,False,0.7753017203058322,0.7753017203058322,[private]
"2024-01-06 04:45:54",35776234,11452837,yindaguo,"Yinda Guo",False,0.8360097350640113,0.8360097350640113,[private]
"2024-01-06 04:47:39",35776251,11475249,tastonlyjust,tastonlyjust,False,0.7985280716571835,0.7985280716571835,[private]
"2024-01-06 04:49:21",35776272,11459225,hzy424,XAO,False,0.8575330058677099,0.8575330058677099,[private]
"2024-01-06 04:51:05",35776284,11471960,yuanhaozhang1,"Yuanhao Zhang",False,0.7857424653271692,0.7857424653271692,[private]
"2024-01-06 04:52:57",35776300,11475249,tastonlyjust,tastonlyjust,False,0.7835531872332859,0.7835531872332859,[private]
"2024-01-06 04:58:56",35776362,11475249,tastonlyjust,tastonlyjust,False,0.7827558232574681,0.7827558232574681,[private]
"2024-01-06 05:00:37",35776380,11475572,zenghuizou,"Zenghui Zou",False,0.7961998799786628,0.7961998799786628,[private]
"2024-01-06 05:01:37",35776396,11459225,hzy424,XAO,False,0.8570982063477952,0.8570982063477952,[private]
"2024-01-06 05:06:16",35776447,11471960,yuanhaozhang1,"Yuanhao Zhang",False,0.8169230085348507,0.8169230085348507,[private]
"2024-01-06 05:11:32",35776520,11471782,suhongqwq,HIAS,False,0.7789523693100996,0.7789523693100996,[private]
"2024-01-06 05:15:00",35776582,11463792,sophiainshao,sophiainshao,False,0.7356599506578947,0.7356599506578947,[private]
"2024-01-06 05:16:46",35776593,11475572,zenghuizou,"Zenghui Zou",False,0.8102107041251778,0.8102107041251778,[private]
"2024-01-06 05:24:07",35776682,11458822,jingzou23,jingzou23,False,0.7653610641891891,0.7653610641891891,[private]
"2024-01-06 05:27:19",35776720,11469936,shihaihao,"Haihao SHI",False,0.8340593883357041,0.8340593883357041,[private]
"2024-01-06 05:29:52",35776752,11468526,zhiqingzhu,"Zhiqing Zhu",False,0.8230935499644381,0.8230935499644381,[private]
"2024-01-06 05:35:20",35776812,11475572,zenghuizou,"Zenghui Zou",False,0.8345817034139403,0.8345817034139403,[private]
"2024-01-06 05:41:22",35776880,11471960,yuanhaozhang1,"Yuanhao Zhang",False,0.7771075969061166,0.7771075969061166,[private]
"2024-01-06 05:47:19",35776957,11459225,hzy424,XAO,False,0.8601556943456614,0.8601556943456614,[private]
"2024-01-06 05:55:59",35777041,11475249,tastonlyjust,tastonlyjust,False,0.8013466282894738,0.8013466282894738,[private]
"2024-01-06 06:01:46",35777126,11471969,ucaslijiahao,"UCAS Li Jiahao",False,0.8604668607752488,0.8604668607752488,[private]
"2024-01-06 06:06:00",35777192,11459225,hzy424,XAO,False,0.8610808588193457,0.8610808588193457,[private]
"2024-01-06 06:13:02",35777280,11468526,zhiqingzhu,"Zhiqing Zhu",False,0.8256954014046942,0.8256954014046942,[private]
"2024-01-06 06:17:25",35777329,11471782,fengjietang,HIAS,False,0.560569101173542,0.560569101173542,[private]
"2024-01-06 06:32:59",35777534,11477718,ucas212x2,UCAS_212x2,False,0.8615087126600285,0.8615087126600285,[private]
"2024-01-06 06:35:30",35777566,11477718,ucas212x2,UCAS_212x2,False,0.8615781694523471,0.8615781694523471,[private]
"2024-01-06 06:37:49",35777585,11477718,ucas212x2,UCAS_212x2,False,0.8615781694523471,0.8615781694523471,[private]
"2024-01-06 06:40:03",35777601,11475776,hanpeijia,HanPeijia,False,0.8400382290184922,0.8400382290184922,[private]
"2024-01-06 06:41:03",35777623,11475776,hanpeijia,HanPeijia,True,0.8400382290184922,0.8400382290184922,[private]
"2024-01-06 06:41:11",35777629,11457574,email6228,Zhao_Hao,False,0.8099162073257468,0.8099162073257468,[private]
"2024-01-06 06:44:12",35777680,11477718,ucas212x2,UCAS_212x2,False,0.8310282939189189,0.8310282939189189,[private]
"2024-01-06 06:49:07",35777743,11458502,superamazing,MengXiaofeng-UCAS,False,0.8285639669274538,0.8285639669274538,[private]
"2024-01-06 06:53:32",35777819,11461981,shoupan,"Shoupan Liu",False,0.8034956214438123,0.8034956214438123,[private]
"2024-01-06 06:55:47",35777858,11471765,liuran06,1500！！！,False,0.8486814322546231,0.8486814322546231,[private]
"2024-01-06 06:58:02",35777899,11459225,paarthurnaxx,XAO,False,0.7161967683143671,0.7161967683143671,[private]
"2024-01-06 07:01:53",35777953,11458502,superamazing,MengXiaofeng-UCAS,False,0.7710801364687055,0.7710801364687055,[private]
"2024-01-06 07:03:26",35777974,11459225,hzy424,XAO,False,0.8575330058677099,0.8575330058677099,[private]
"2024-01-06 07:11:19",35778083,11477718,ucas212x2,UCAS_212x2,False,0.8587109930654337,0.8587109930654337,[private]
"2024-01-06 07:11:40",35778089,11457574,email6228,Zhao_Hao,False,0.7977723817567567,0.7977723817567567,[private]
"2024-01-06 07:15:20",35778131,11477718,ucas212x2,UCAS_212x2,False,0.5118090438300142,0.5118090438300142,[private]
"2024-01-06 07:16:07",35778148,11477838,deslenlir,deslenlir,False,0.70841760757468,0.70841760757468,[private]
"2024-01-06 07:18:09",35778193,11477838,deslenlir,deslenlir,False,0.8437194390113798,0.8437194390113798,[private]
"2024-01-06 07:24:55",35778300,11457574,email6228,Zhao_Hao,False,0.7960943056543387,0.7960943056543387,[private]
"2024-01-06 07:38:25",35778526,11471038,sparkle79,Sparkle79,False,0.7986003067211949,0.7986003067211949,[private]
"2024-01-06 07:39:41",35778548,11477897,deshungmeng,DESHUANGMeng,True,0.8046263780227596,0.8046263780227596,[private]
"2024-01-06 07:43:16",35778615,11452837,yindaguo,"Yinda Guo",False,0.8393033761557611,0.8393033761557611,[private]
"2024-01-06 07:48:43",35778697,11473407,wtl777,"Qinglin Yan",False,0.8418524404338548,0.8418524404338548,[private]
"2024-01-06 08:00:01",35778883,11471960,yuanhaozhang1,"Yuanhao Zhang",False,0.79811966571835,0.79811966571835,[private]
"2024-01-06 08:04:54",35778935,11477838,deslenlir,deslenlir,False,0.7780022003911807,0.7780022003911807,[private]
"2024-01-06 08:05:45",35778950,11477838,deslenlir,deslenlir,False,0.8452363753556187,0.8452363753556187,[private]
"2024-01-06 08:07:37",35778970,11471969,ucaslijiahao,"UCAS Li Jiahao",False,0.4891925231152205,0.4891925231152205,[private]
"2024-01-06 08:15:36",35779075,11471969,ucaslijiahao,"UCAS Li Jiahao",False,0.8578386157539118,0.8578386157539118,[private]
"2024-01-06 08:17:30",35779100,11471969,ucaslijiahao,"UCAS Li Jiahao",False,0.8575330058677099,0.8575330058677099,[private]
"2024-01-06 08:19:41",35779135,11471038,sparkle79,Sparkle79,False,0.7945940389402562,0.7945940389402562,[private]
"2024-01-06 08:26:16",35779232,11471960,yuanhaozhang1,"Yuanhao Zhang",False,0.8331786762091037,0.8331786762091037,[private]
"2024-01-06 08:38:31",35779424,11478049,nodlehsrepooc,"Nodlehs Repooc",False,0.5032866954125178,0.5032866954125178,[private]
"2024-01-06 08:44:43",35779521,11477838,deslenlir,deslenlir,False,0.8417107485775248,0.8417107485775248,[private]
"2024-01-06 08:48:55",35779592,11473407,wtl777,"Qinglin Yan",False,0.8453058321479374,0.8453058321479374,[private]
"2024-01-06 08:49:20",35779600,11458502,superamazing,MengXiaofeng-UCAS,False,0.8106830103129445,0.8106830103129445,[private]
"2024-01-06 08:50:56",35779631,11471523,yangxingye,yangxingye,False,0.7734236086415363,0.7734236086415363,[private]
"2024-01-06 08:53:25",35779671,11463736,douking,douking,False,0.8127639358108109,0.8127639358108109,[private]
"2024-01-06 08:57:06",35779714,11475572,zenghuizou,"Zenghui Zou",False,0.7893903360597441,0.7893903360597441,[private]
"2024-01-06 09:02:28",35779808,11471668,phi267,Phi267,True,0.813044541251778,0.813044541251778,[private]
"2024-01-06 09:03:55",35779828,11463736,douking,douking,False,0.8120054676386914,0.8120054676386914,[private]
"2024-01-06 09:12:28",35779965,11463792,sophiainshao,sophiainshao,False,0.8559966216216216,0.8559966216216216,[private]
"2024-01-06 09:18:56",35780053,11477838,deslenlir,deslenlir,False,0.8361041963015647,0.8361041963015647,[private]
"2024-01-06 09:24:15",35780141,11471523,yangxingye,yangxingye,False,0.7956942345305831,0.7956942345305831,[private]
"2024-01-06 09:30:20",35780241,11471960,yuanhaozhang1,"Yuanhao Zhang",False,0.8331786762091037,0.8331786762091037,[private]
"2024-01-06 09:30:28",35780244,11463736,douking,douking,False,0.8146948346372689,0.8146948346372689,[private]
"2024-01-06 09:37:26",35780374,11471523,yangxingye,yangxingye,False,0.7956942345305831,0.7956942345305831,[private]
"2024-01-06 09:44:13",35780522,11463792,sophiainshao,sophiainshao,False,0.859580592105263,0.859580592105263,[private]
"2024-01-06 09:48:18",35780606,11463736,douking,douking,False,0.8187149937766713,0.8187149937766713,[private]
"2024-01-06 09:51:45",35780686,11477376,jingqilai,B4rRY_G,False,0.8152143714438121,0.8152143714438121,[private]
"2024-01-06 10:03:22",35780886,11475572,zenghuizou,"Zenghui Zou",False,0.8388352373755334,0.8388352373755334,[private]
"2024-01-06 10:04:21",35780901,11471668,phi267,Phi267,False,0.7332609130512091,0.7332609130512091,[private]
"2024-01-06 10:07:48",35780959,11473407,wtl777,"Qinglin Yan",False,0.8400576769203413,0.8400576769203413,[private]
"2024-01-06 10:18:38",35781155,11463792,sophiainshao,sophiainshao,False,0.8308032539118065,0.8308032539118065,[private]
"2024-01-06 10:19:19",35781168,11471668,phi267,Phi267,False,0.46789290318278803,0.46789290318278803,[private]
"2024-01-06 10:25:29",35781274,11463736,douking,douking,False,0.8007701369132291,0.8007701369132291,[private]
"2024-01-06 10:30:40",35781352,11468526,zhiqingzhu,"Zhiqing Zhu",False,0.8254717505334281,0.8254717505334281,[private]
"2024-01-06 10:37:06",35781475,11457574,email6228,Zhao_Hao,False,0.797027804943101,0.797027804943101,[private]
"2024-01-06 10:41:23",35781537,11477838,deslenlir,deslenlir,False,0.8316089527027027,0.8316089527027027,[private]
"2024-01-06 10:44:50",35781585,11471765,liuran06,1500！！！,False,0.8145170252489332,0.8145170252489332,[private]
"2024-01-06 10:52:07",35781699,11477838,deslenlir,deslenlir,False,0.7780022003911807,0.7780022003911807,[private]
"2024-01-06 10:53:41",35781727,11477838,deslenlir,deslenlir,False,0.8575330058677099,0.8575330058677099,[private]
"2024-01-06 10:59:29",35781828,11471782,suhongqwq,HIAS,False,0.821262668918919,0.821262668918919,[private]
"2024-01-06 11:03:06",35781886,11458502,superamazing,MengXiaofeng-UCAS,False,0.8095550320056899,0.8095550320056899,[private]
"2024-01-06 11:16:19",35782118,11457574,email6228,Zhao_Hao,True,0.8204791963015647,0.8204791963015647,[private]
"2024-01-06 11:22:02",35782202,11471038,sparkle79,Sparkle79,False,0.7785745243598863,0.7785745243598863,[private]
"2024-01-06 11:38:19",35782469,11471969,ucaslijiahao,"UCAS Li Jiahao",False,0.8570468083214794,0.8570468083214794,[private]
"2024-01-06 11:40:19",35782497,11471969,ucaslijiahao,"UCAS Li Jiahao",False,0.8541740753911806,0.8541740753911806,[private]
"2024-01-06 11:42:07",35782529,11463792,sophiainshao,sophiainshao,False,0.8579747510668563,0.8579747510668563,[private]
"2024-01-06 11:43:34",35782555,11471969,ucaslijiahao,"UCAS Li Jiahao",False,0.8573218572190612,0.8573218572190612,[private]
"2024-01-06 11:48:53",35782641,11459391,simpletj,Tian_Jun,False,0.7887096594950213,0.7887096594950213,[private]
"2024-01-06 11:52:44",35782715,11463792,sophiainshao,sophiainshao,False,0.8598834237197723,0.8598834237197723,[private]
"2024-01-06 11:55:26",35782753,11471969,ucaslijiahao,"UCAS Li Jiahao",False,0.861600395625889,0.861600395625889,[private]
"2024-01-06 11:56:57",35782782,11463792,sophiainshao,sophiainshao,False,0.8600445634779517,0.8600445634779517,[private]
"2024-01-06 11:57:31",35782793,11457574,email6228,Zhao_Hao,False,0.8063155672119487,0.8063155672119487,[private]
"2024-01-06 11:59:07",35782817,11459225,hzy424,XAO,False,0.861730974395448,0.861730974395448,[private]
"2024-01-06 12:03:36",35782905,11477838,deslenlir,deslenlir,False,0.6109099951102418,0.6109099951102418,[private]
"2024-01-06 12:11:20",35783045,11461981,shoupan,"Shoupan Liu",False,0.780616554054054,0.780616554054054,[private]
"2024-01-06 12:12:32",35783063,11463792,sophiainshao,sophiainshao,False,0.7725373399715505,0.7725373399715505,[private]
"2024-01-06 12:13:59",35783099,11475572,zenghuizou,"Zenghui Zou",False,0.8030788806899005,0.8030788806899005,[private]
"2024-01-06 12:18:11",35783187,11459391,simpletj,Tian_Jun,False,0.8220433632645803,0.8220433632645803,[private]
"2024-01-06 12:21:38",35783252,11452837,yindaguo,"Yinda Guo",False,0.794824635490754,0.794824635490754,[private]
"2024-01-06 12:23:15",35783277,11475793,knnbenn,knnbenn,False,0.7605713237908961,0.7605713237908961,[private]
"2024-01-06 12:29:39",35783401,11475793,knnbenn,knnbenn,False,0.7718316589615932,0.7718316589615932,[private]
"2024-01-06 12:31:42",35783445,11478759,shialiao,Shia_Liao,False,0.7871399359886202,0.7871399359886202,[private]
"2024-01-06 12:37:35",35783558,11475793,knnbenn,knnbenn,False,0.8254356330014225,0.8254356330014225,[private]
"2024-01-06 12:52:42",35783812,11459391,simpletj,Tian_Jun,False,0.810502422652916,0.810502422652916,[private]
"2024-01-06 12:54:28",35783844,11458502,superamazing,MengXiaofeng-UCAS,False,0.7969416785206259,0.7969416785206259,[private]
"2024-01-06 12:54:45",35783848,11475572,zenghuizou,"Zenghui Zou",False,0.8244048942034139,0.8244048942034139,[private]
"2024-01-06 13:01:27",35783974,11457574,email6228,Zhao_Hao,False,0.8111497599573257,0.8111497599573257,[private]
"2024-01-06 13:03:47",35784010,11458502,superamazing,MengXiaofeng-UCAS,False,0.6643292140825036,0.6643292140825036,[private]
"2024-01-06 13:06:19",35784048,11469936,shihaihao,"Haihao SHI",False,0.8530905494310099,0.8530905494310099,[private]
"2024-01-06 13:06:31",35784055,11471668,phi267,Phi267,False,0.7967972083926032,0.7967972083926032,[private]
"2024-01-06 13:07:35",35784080,11475793,knnbenn,knnbenn,False,0.8402368754445235,0.8402368754445235,[private]
"2024-01-06 13:12:57",35784155,11478887,kagglescutstjst,kagglescutstjst,False,0.7170969283428165,0.7170969283428165,[private]
"2024-01-06 13:21:52",35784267,11459391,simpletj,Tian_Jun,False,0.8102801609174964,0.8102801609174964,[private]
"2024-01-06 13:23:58",35784313,11478887,kagglescutstjst,kagglescutstjst,False,0.7446726640291607,0.7446726640291607,[private]
"2024-01-06 13:35:25",35784517,11475793,knnbenn,knnbenn,False,0.829969772403983,0.829969772403983,[private]
"2024-01-06 13:37:09",35784553,11478887,kagglescutstjst,kagglescutstjst,False,0.7479621377133713,0.7479621377133713,[private]
"2024-01-06 13:39:54",35784612,11475572,zenghuizou,"Zenghui Zou",False,0.826935899715505,0.826935899715505,[private]
"2024-01-06 13:40:04",35784615,11468526,zhiqingzhu,"Zhiqing Zhu",False,0.8264274759957325,0.8264274759957325,[private]
"2024-01-06 13:46:40",35784777,11477376,jingqilai,B4rRY_G,False,0.8170480307610243,0.8170480307610243,[private]
"2024-01-06 13:50:33",35784855,11471523,yangxingye,yangxingye,False,0.7867843172119489,0.7867843172119489,[private]
"2024-01-06 14:02:44",35785036,11471523,yangxingye,yangxingye,False,0.7524948879800853,0.7524948879800853,[private]
"2024-01-06 14:04:16",35785060,11471782,suhongqwq,HIAS,True,0.8402368754445235,0.8402368754445235,[private]
"2024-01-06 14:04:37",35785065,11478887,kagglescutstjst,kagglescutstjst,False,0.7247788495732574,0.7247788495732574,[private]
"2024-01-06 14:09:40",35785154,11468526,zhiqingzhu,"Zhiqing Zhu",False,0.8190594994665719,0.8190594994665719,[private]
"2024-01-06 14:10:28",35785165,11477376,b4rryg,B4rRY_G,False,0.8199040940611664,0.8199040940611664,[private]
"2024-01-06 14:11:21",35785183,11471960,yuanhaozhang1,"Yuanhao Zhang",False,0.7979946434921764,0.7979946434921764,[private]
"2024-01-06 14:14:12",35785238,11477376,jingqilai,B4rRY_G,False,0.8209681721194879,0.8209681721194879,[private]
"2024-01-06 14:20:45",35785377,11477897,deshungmeng,DESHUANGMeng,False,0.8016341794096729,0.8016341794096729,[private]
"2024-01-06 14:26:19",35785506,11475572,zenghuizou,"Zenghui Zou",False,0.826149648826458,0.826149648826458,[private]
"2024-01-06 14:32:14",35785609,11477897,deshungmeng,DESHUANGMeng,False,0.7612214393669986,0.7612214393669986,[private]
"2024-01-06 14:33:34",35785638,11477376,b4rryg,B4rRY_G,False,0.8132751378022759,0.8132751378022759,[private]
"2024-01-06 14:42:02",35785776,11477376,b4rryg,B4rRY_G,False,0.8230268714438123,0.8230268714438123,[private]
"2024-01-06 14:42:16",35785782,11478759,shialiao,Shia_Liao,False,0.6107377422652916,0.6107377422652916,[private]
"2024-01-06 14:42:51",35785792,11458502,superamazing,MengXiaofeng-UCAS,False,0.817737042140825,0.817737042140825,[private]
"2024-01-06 14:43:11",35785796,11475572,zenghuizou,"Zenghui Zou",False,0.7347722928520626,0.7347722928520626,[private]
"2024-01-06 14:47:41",35785871,11478759,shialiao,Shia_Liao,False,0.45373066322901845,0.45373066322901845,[private]
"2024-01-06 14:48:43",35785894,11477897,deshungmeng,DESHUANGMeng,False,0.8014758179231865,0.8014758179231865,[private]
"2024-01-06 14:51:41",35785952,11468526,zhiqingzhu,"Zhiqing Zhu",False,0.8452780494310099,0.8452780494310099,[private]
"2024-01-06 14:54:20",35785998,11478759,shialiao,Shia_Liao,False,0.5349173186344239,0.5349173186344239,[private]
"2024-01-06 14:55:42",35786026,11477897,deshungmeng,DESHUANGMeng,False,0.8021370465860598,0.8021370465860598,[private]
"2024-01-06 14:55:50",35786032,11471765,liuran06,1500！！！,False,0.79504828636202,0.79504828636202,[private]
"2024-01-06 15:01:15",35786143,11459519,lau01b,"Capoo Cat",False,0.8238742443100996,0.8238742443100996,[private]
"2024-01-06 15:01:36",35786154,11463736,douking,douking,False,0.8052306521159318,0.8052306521159318,[private]
"2024-01-06 15:02:28",35786172,11469936,shihaihao,"Haihao SHI",False,0.8567773159672831,0.8567773159672831,[private]
"2024-01-06 15:04:01",35786203,11458502,superamazing,MengXiaofeng-UCAS,False,0.8518847795163584,0.8518847795163584,[private]
"2024-01-06 15:04:08",35786208,11479298,shaodongzhao,"Shao dong zhao",False,0.8272359530583215,0.8272359530583215,[private]
"2024-01-06 15:06:58",35786247,11479298,shaodongzhao,"Shao dong zhao",False,0.8114498133001423,0.8114498133001423,[private]
"2024-01-06 15:07:38",35786255,11478887,kagglescutstjst,kagglescutstjst,False,0.7502000355618776,0.7502000355618776,[private]
"2024-01-06 15:13:10",35786374,11478887,kagglescutstjst,kagglescutstjst,False,0.7870260268492175,0.7870260268492175,[private]
"2024-01-06 15:18:36",35786501,11475793,knnbenn,knnbenn,False,0.8323771448257468,0.8323771448257468,[private]
"2024-01-06 15:18:50",35786507,11463736,douking,douking,False,0.8090743910028451,0.8090743910028451,[private]
"2024-01-06 15:19:54",35786532,11477376,jingqilai,B4rRY_G,False,0.8263913584637269,0.8263913584637269,[private]
"2024-01-06 15:23:36",35786625,11459519,lau01b,"Capoo Cat",False,0.8210793029871978,0.8210793029871978,[private]
"2024-01-06 15:24:19",35786642,11452837,yindaguo,"Yinda Guo",False,0.8517069701280227,0.8517069701280227,[private]
"2024-01-06 15:24:35",35786648,11459519,lau01b,"Capoo Cat",False,0.8217349751066857,0.8217349751066857,[private]
"2024-01-06 15:25:43",35786668,11459519,lau01b,"Capoo Cat",False,0.821665518314367,0.821665518314367,[private]
"2024-01-06 15:27:21",35786706,11459519,lau01b,"Capoo Cat",False,0.8162395536984353,0.8162395536984353,[private]
"2024-01-06 15:27:32",35786709,11478887,kagglescutstjst,kagglescutstjst,False,0.5475959615042675,0.5475959615042675,[private]
"2024-01-06 15:28:45",35786736,11459519,lau01b,"Capoo Cat",False,0.8217627578236131,0.8217627578236131,[private]
"2024-01-06 15:29:36",35786758,11452837,yindaguo,"Yinda Guo",False,0.8506234441678521,0.8506234441678521,[private]
"2024-01-06 15:35:28",35786898,11452837,yindaguo,"Yinda Guo",False,0.8509290540540541,0.8509290540540541,[private]
"2024-01-06 15:37:31",35786945,11475793,knnbenn,knnbenn,False,0.6830103129445235,0.6830103129445235,[private]
"2024-01-06 15:40:17",35787001,11459225,hzy424,XAO,False,0.8567773159672831,0.8567773159672831,[private]
"2024-01-06 15:43:05",35787069,11457574,email6228,Zhao_Hao,False,0.8189817078591748,0.8189817078591748,[private]
"2024-01-06 15:46:39",35787153,11478759,shialiao,Shia_Liao,False,0.7901932565789473,0.7901932565789473,[private]
"2024-01-06 15:47:16",35787165,11457574,email6228,Zhao_Hao,False,0.8189817078591749,0.8189817078591749,[private]
"2024-01-06 15:48:25",35787195,11478887,kagglescutstjst,kagglescutstjst,False,0.7560205147581791,0.7560205147581791,[private]
"2024-01-06 15:49:13",35787208,11471960,yuanhaozhang1,"Yuanhao Zhang",False,0.7526532494665719,0.7526532494665719,[private]
"2024-01-06 15:51:57",35787251,11463736,douking,douking,False,0.8117887624466571,0.8117887624466571,[private]
"2024-01-06 15:52:30",35787258,11468526,zhiqingzhu,"Zhiqing Zhu",False,0.8075102240398293,0.8075102240398293,[private]
"2024-01-06 15:53:02",35787269,11477897,deshungmeng,DESHUANGMeng,False,0.765580547652916,0.765580547652916,[private]
"2024-01-06 15:53:20",35787280,11457574,email6228,Zhao_Hao,False,0.803770670341394,0.803770670341394,[private]
"2024-01-06 15:54:29",35787299,11461981,shoupan,"Shoupan Liu",False,0.8148782005689899,0.8148782005689899,[private]
"2024-01-06 15:54:46",35787303,11471782,suhongqwq,HIAS,False,0.8014869310099573,0.8014869310099573,[private]
"2024-01-06 15:55:47",35787325,11474546,hodbfsl,SCU_CTP,False,0.774566867443101,0.774566867443101,[private]
"2024-01-06 15:56:15",35787337,11452837,yindaguo,"Yinda Guo",False,0.8489286984352775,0.8489286984352775,[private]
"2024-01-06 15:56:45",35787347,11463736,douking,douking,False,0.7884873977596016,0.7884873977596016,[private]
"2024-01-06 15:57:30",35787366,11477376,b4rryg,B4rRY_G,False,0.8272915184921764,0.8272915184921764,[private]
"2024-01-06 15:57:36",35787367,11452837,yindaguo,"Yinda Guo",False,0.8507123488620199,0.8507123488620199,[private]
"2024-01-06 15:58:19",35787379,11477376,jingqilai,B4rRY_G,False,0.8099245421408251,0.8099245421408251,[private]
"2024-01-06 15:58:20",35787380,11478759,shialiao,Shia_Liao,False,0.6920619221194879,0.6920619221194879,[private]
